transformed_date,namespace_value,total_fees,mb_posted
2024-01-28,AAAAAAAAAAAAAAAAAAAAAAAAAIZiad33fbxA7Z0=,4.082539,17.926945
2024-01-02,AAAAAAAAAAAAAAAAAAAAAAAAAAAAAAAAAAAAJBA=,0.04264699999999997,1.856152
2024-02-07,AAAAAAAAAAAAAAAAAAAAAAAAAMod4SpEhvjI9cc=,3.5869499999999994,2.570724
2024-01-25,AAAAAAAAAAAAAAAAAAAAAAAAAAAADNtEcdl1sYY=,0.039325000000000006,2.121134
2024-01-23,AAAAAAAAAAAAAAAAAAAAAAAAAAAADBuw7+PjGs8=,0.044420999999999988,2.357409
2024-02-01,AAAAAAAAAAAAAAAAAAAAAAAAAAAADNtEcdl1sYY=,0.041748,2.253605
2024-01-30,AAAAAAAAAAAAAAAAAAAAAAAAAAAACLkdk+ILapw=,0.070307000000000008,2.674069
2024-01-22,AAAAAAAAAAAAAAAAAAAAAAAAAAAADNtEcdl1sYY=,0.041034999999999995,2.221809
2024-01-15,AAAAAAAAAAAAAAAAAAAAAAAAAAAAC07kntyDQ8A=,0.005687,0.204432
2024-01-03,AAAAAAAAAAAAAAAAAAAAAAAAAEJpDCBNOWAP3dM=,0.0016,2e-05
2023-11-28,AAAAAAAAAAAAAAAAAAAAAAAAAAAAtwyT7znK7sA=,1.7000000000000004,0.192847
2023-11-20,AAAAAAAAAAAAAAAAAAAAAAAAAAAAAAAAAEpvc2g=,0.00798,0.000382
2023-12-04,AAAAAAAAAAAAAAAAAAAAAAAAAAAAtwyT7znK7sA=,0.2,0.001382
,AAAAAAAAAAAAAAAAAAAAAAAAAExABw99PL3xqmk=,0.023939999999999996,8e-06
2024-01-17,AAAAAAAAAAAAAAAAAAAAAAAAAAAACLkdk+ILapw=,0.074567999999999954,2.879494
2023-12-13,AAAAAAAAAAAAAAAAAAAAAAAAAGFzdHJvZ2xpZGU=,0.35955999999999994,20.975649
2024-01-18,AAAAAAAAAAAAAAAAAAAAAAAAAAAACAgICAgICAg=,3.47388,69.915786
2024-01-18,AAAAAAAAAAAAAAAAAAAAAAAAAAAACLkdk+ILapw=,0.07464800000000002,2.960447
2023-12-23,AAAAAAAAAAAAAAAAAAAAAAAAAIZiad33fbxA7Z0=,11.327986,48.697063
2024-01-22,AAAAAAAAAAAAAAAAAAAAAAAAAAAACAgICAgICAg=,0.16245500000000002,3.115192
2024-01-19,AAAAAAAAAAAAAAAAAAAAAAAAAAAACLkdk+ILapw=,0.075224,2.982985
2024-02-02,AAAAAAAAAAAAAAAAAAAAAAAAAIZiad33fbxA7Z0=,2.856862,12.164779
2024-01-24,AAAAAAAAAAAAAAAAAAAAAAAAAAAACAgICAgICAg=,0.30742800000000015,6.078896
2024-02-08,AAAAAAAAAAAAAAAAAAAAAAAAAMod4SpEhvjI9cc=,0.044571999999999994,0.054225
2024-01-09,AAAAAAAAAAAAAAAAAAAAAAAAAAAAAAAAAEpvc2g=,0.20032,0.124128
2024-01-17,AAAAAAAAAAAAAAAAAAAAAAAAAAAADBuw7+PjGs8=,0.049353,2.603307
2024-01-25,AAAAAAAAAAAAAAAAAAAAAAAAAAAACLkdk+ILapw=,0.066591000000000011,2.494708
2024-02-05,AAAAAAAAAAAAAAAAAAAAAAAAAAAABYTLU4hLOUU=,0.15249999999999997,7.578095
2024-01-24,AAAAAAAAAAAAAAAAAAAAAAAAAAAADNtEcdl1sYY=,0.036965,2.000315
2024-02-02,AAAAAAAAAAAAAAAAAAAAAAAAAAAADBuw7+PjGs8=,0.039983,2.088967
2024-02-06,AAAAAAAAAAAAAAAAAAAAAAAAAGFzdHJvZ2x5cGg=,0.164408,9.536467
2023-12-12,AAAAAAAAAAAAAAAAAAAAAAAAAEJpDCBNOWAP3dM=,0.00096,0.000392
2023-11-12,AAAAAAAAAAAAAAAAAAAAAAAAAAAAAAAAAEpvc2g=,0.25105500000000003,0.258974
2023-12-13,AAAAAAAAAAAAAAAAAAAAAAAAAAAAAAAAZWNsdDM=,0.00032,2e-05
,AAAAAAAAAAAAAAAAAAAAAAAAAFSXMHrFo/04iz4=,0.01596,8e-06
2023-12-30,AAAAAAAAAAAAAAAAAAAAAAAAAIZiad33fbxA7Z0=,5.8699790000000007,25.208833
2024-01-19,AAAAAAAAAAAAAAAAAAAAAAAAAAAADBuw7+PjGs8=,0.046187,2.41765
2024-01-17,AAAAAAAAAAAAAAAAAAAAAAAAAAAAC07kntyDQ8A=,0.051944000000000011,1.846333
2024-01-26,AAAAAAAAAAAAAAAAAAAAAAAAAAAABYTLU4hLOUU=,0.21151899999999996,10.997214
2024-02-04,AAAAAAAAAAAAAAAAAAAAAAAAAAAAAAAAAAAAJBA=,0.98606600000000011,1.442655
2024-02-02,AAAAAAAAAAAAAAAAAAAAAAAAAAAADE4vVvVyRsg=,0.056734000000000014,1.895008
2024-01-16,AAAAAAAAAAAAAAAAAAAAAAAAAAAACOX2eb9xFss=,0.30243599999999982,0.02183
2024-01-22,AAAAAAAAAAAAAAAAAAAAAAAAAAAAAAAAAAAAJBA=,0.20400000000000013,1.845723
2024-02-05,AAAAAAAAAAAAAAAAAAAAAAAAAAAADBuw7+PjGs8=,0.19527699999999998,10.604747
,AAAAAAAAAAAAAAAAAAAAAAAAAAAAAHRlc3QtbnM=,0.062047,0.06367
2024-01-06,AAAAAAAAAAAAAAAAAAAAAAAAABZpPvkuORAP3eM=,0.00313,0.165356
2023-11-12,AAAAAAAAAAAAAAAAAAAAAAAAAAAAAAAAAAAAZ20=,0.00798,6e-06
2023-12-11,AAAAAAAAAAAAAAAAAAAAAAAAAAAAAAAAAAAAQmk=,0.00048000000000000007,6e-06
2023-12-17,AAAAAAAAAAAAAAAAAAAAAAAAAAAAAAAAAHRpYWE=,0.001,4.8e-05
2024-01-09,AAAAAAAAAAAAAAAAAAAAAAAAAAByaWNrcm9sbAo=,0.00016,3.7e-05
2024-01-29,AAAAAAAAAAAAAAAAAAAAAAAAAGFzdHJvZ2x5cGg=,0.008778,0.507235
2023-12-21,AAAAAAAAAAAAAAAAAAAAAAAAAGhlbGxvd29ybGQ=,0.000451,0.008116
2024-01-26,AAAAAAAAAAAAAAAAAAAAAAAAAIZiad33fbxA7Z0=,4.2524249999999988,18.721874
2024-02-01,AAAAAAAAAAAAAAAAAAAAAAAAAAAABYTLU4hLOUU=,0.17407100000000003,8.774487
2024-02-01,AAAAAAAAAAAAAAAAAAAAAAAAAAAAC07kntyDQ8A=,0.054169000000000016,1.883072
2024-02-04,AAAAAAAAAAAAAAAAAAAAAAAAAAAACAgICAgICAg=,0.28668300000000008,5.321831
2024-01-04,AAAAAAAAAAAAAAAAAAAAAAAAAIZiad33fbxA7Z0=,2.9486549999999996,12.55144
2023-12-15,AAAAAAAAAAAAAAAAAAAAAAAAAD7oXf20+S/sEj0=,0.12093199999999994,0.56009
2024-01-31,AAAAAAAAAAAAAAAAAAAAAAAAAAAACLkdk+ILapw=,0.06668700000000001,2.517196
2024-01-09,AAAAAAAAAAAAAAAAAAAAAAAAAAAACAgICAgICAg=,0.34008299999999986,17.465483
2023-12-17,AAAAAAAAAAAAAAAAAAAAAAAAAIZiad33fbxA7Z0=,0.113417,5.470336
2024-01-15,AAAAAAAAAAAAAAAAAAAAAAAAAEJpDCBNOWAP3dM=,0.00304,4.2e-05
2024-01-02,AAAAAAAAAAAAAAAAAAAAAAAAAGFzdHJvZ2x5cGg=,0.38010699999999992,22.166936
2023-12-23,AAAAAAAAAAAAAAAAAAAAAAAAAGFzdHJvZ2x5cGg=,0.33318299999999995,18.930377
2024-01-10,AAAAAAAAAAAAAAAAAAAAAAAAAAAAAAAAAAAAJBA=,0.068594000000000044,1.819069
2024-01-18,AAAAAAAAAAAAAAAAAAAAAAAAAAAADBuw7+PjGs8=,0.048898999999999984,2.576784
2024-01-24,AAAAAAAAAAAAAAAAAAAAAAAAAAAADBuw7+PjGs8=,0.034801999999999993,1.855185
,AAAAAAAAAAAAAAAAAAAAAAAAAEJpDCBNOWAP3dM=,0.05586,0.000105
2023-12-11,AAAAAAAAAAAAAAAAAAAAAAAAAGFzdHJvZ2xpZGU=,0.0016699999999999998,0.05231
2023-12-17,AAAAAAAAAAAAAAAAAAAAAAAAAEJpDCBNOWAP3dM=,0.0091000000000000039,0.000209
2024-01-29,AAAAAAAAAAAAAAAAAAAAAAAAAAAACLkdk+ILapw=,0.069307000000000035,2.647788
2023-12-03,AAAAAAAAAAAAAAAAAAAAAAAAAAAAAAAAAIAIE1A=,0.0024000000000000002,0.000495
2023-12-29,AAAAAAAAAAAAAAAAAAAAAAAAAAAACAgICAgICAg=,0.20562599999999989,10.675205
2024-01-18,AAAAAAAAAAAAAAAAAAAAAAAAAAAADNtEcdl1sYY=,0.063206999999999985,2.278823
2024-01-18,AAAAAAAAAAAAAAAAAAAAAAAAAAAAC07kntyDQ8A=,0.052072999999999987,1.83347
2024-01-06,AAAAAAAAAAAAAAAAAAAAAAAAAIZiad33fbxA7Z0=,7.2517160000000027,30.81102
2024-01-11,AAAAAAAAAAAAAAAAAAAAAAAAAIZiad33fbxA7Z0=,3.9896710000000009,17.186471
2024-01-15,AAAAAAAAAAAAAAAAAAAAAAAAAAAACOX2eb9xFss=,0.57805299999999959,0.024713
2024-01-16,AAAAAAAAAAAAAAAAAAAAAAAAAAAABYTLU4hLOUU=,0.015921,0.606134
2023-12-16,AAAAAAAAAAAAAAAAAAAAAAAAAIZiad33fbxA7Z0=,0.10125400000000001,4.65264
2024-01-30,AAAAAAAAAAAAAAAAAAAAAAAAAAAADBuw7+PjGs8=,0.031156000000000003,1.642091
2023-11-14,AAAAAAAAAAAAAAAAAAAAAAAAAAAAAAAAcm9sbGs=,0.03356,0.002834
,AAAAAAAAAAAAAAAAAAAAAAAAAAAAAABvam90aWE=,0.03192,0.000276
2024-01-27,AAAAAAAAAAAAAAAAAAAAAAAAAAAADBuw7+PjGs8=,0.037727000000000004,2.0012
2024-02-05,AAAAAAAAAAAAAAAAAAAAAAAAAAAADE4vVvVyRsg=,0.056303000000000013,1.879139
2024-02-03,AAAAAAAAAAAAAAAAAAAAAAAAAAAAC07kntyDQ8A=,0.056773999999999991,1.906632
2024-01-01,AAAAAAAAAAAAAAAAAAAAAAAAAAAACAgICAgICAg=,0.197217,10.280027
2024-01-12,AAAAAAAAAAAAAAAAAAAAAAAAAAAAAAAAAAAAJBA=,0.35300000000000026,3.661291
2024-02-05,AAAAAAAAAAAAAAAAAAAAAAAAAAAAAAAAAAAAJBA=,0.94901700000000011,1.712216
2023-12-22,AAAAAAAAAAAAAAAAAAAAAAAAAAAACAgICAgICAg=,0.17418300000000003,8.923058
2024-01-11,AAAAAAAAAAAAAAAAAAAAAAAAAEJpDCBNOWAP3dM=,0.00192,2.4e-05
2023-12-13,AAAAAAAAAAAAAAAAAAAAAAAAAAAAAABhc3Rybyo=,0.22586999999999993,13.163002
2023-12-19,AAAAAAAAAAAAAAAAAAAAAAAAAEJpDCBNOWAP3dM=,0.00016,1e-06
2024-02-08,AAAAAAAAAAAAAAAAAAAAAAAAAAAADBuw7+PjGs8=,0.25218300000000005,13.721992
2023-12-30,AAAAAAAAAAAAAAAAAAAAAAAAAAAAAAAAAAAAJBA=,0.042754999999999981,1.862062
2024-01-19,AAAAAAAAAAAAAAAAAAAAAAAAAAAABqVjuNvNnoE=,0.055988000000000038,1.859046
2024-01-17,AAAAAAAAAAAAAAAAAAAAAAAAAAB0Y2VsZXN0aWE=,0.056131999999999994,2.101703
2024-01-20,AAAAAAAAAAAAAAAAAAAAAAAAAAAAAAAAAAAAJBA=,0.21300000000000013,1.850157
2023-12-29,AAAAAAAAAAAAAAAAAAAAAAAAAIZiad33fbxA7Z0=,4.95627,21.371097
2024-01-05,AAAAAAAAAAAAAAAAAAAAAAAAAAAAAAAAAAAAJBA=,0.43935700000000016,21.066751
2024-01-28,AAAAAAAAAAAAAAAAAAAAAAAAAAAAC07kntyDQ8A=,0.05388399999999996,1.848906
2023-12-13,AAAAAAAAAAAAAAAAAAAAAAAAAD7oXf20+S/sEj0=,0.080609000000000028,0.39163
2024-01-31,AAAAAAAAAAAAAAAAAAAAAAAAAAAABYTLU4hLOUU=,0.15839999999999999,7.869933
2024-01-25,AAAAAAAAAAAAAAAAAAAAAAAAAAAADE4vVvVyRsg=,0.056044,1.864395
2024-01-16,AAAAAAAAAAAAAAAAAAAAAAAAAAAAAAAAAAAAJBA=,1.2179999999999995,11.103514
2023-12-18,AAAAAAAAAAAAAAAAAAAAAAAAAIZiad33fbxA7Z0=,0.10903100000000002,5.090948
2024-02-08,AAAAAAAAAAAAAAAAAAAAAAAAAAAAAAAAAAAAJBA=,0.694816,1.075195
2024-02-01,AAAAAAAAAAAAAAAAAAAAAAAAAAAADBuw7+PjGs8=,0.048144999999999993,2.568072
2024-01-01,AAAAAAAAAAAAAAAAAAAAAAAAAAAAAAAAAAAAJBA=,0.042681999999999991,1.862134
2024-01-23,AAAAAAAAAAAAAAAAAAAAAAAAAAAADE4vVvVyRsg=,0.029251,1.074263
2024-01-11,AAAAAAAAAAAAAAAAAAAAAAAAAAAACAgICAgICAg=,0.041998000000000008,2.194886
2024-01-29,AAAAAAAAAAAAAAAAAAAAAAAAAAAADBuw7+PjGs8=,0.033350000000000005,1.777943
2024-02-07,AAAAAAAAAAAAAAAAAAAAAAAAAAAAAAAAAAAAJBA=,1.742581,2.986844
2023-11-16,AAAAAAAAAAAAAAAAAAAAAAAAAGJsb2Nrc2NvcGU=,0.03,6e-06
,AAAAAAAAAAAAAAAAAAAAAAAAAAAAAAAAbWVtZXM=,0.716588,0.834319
2024-01-17,AAAAAAAAAAAAAAAAAAAAAAAAAAAAAAAAAAAAJBA=,3.1829999999999981,27.656959
2024-01-17,AAAAAAAAAAAAAAAAAAAAAAAAAAAACOX2eb9xFss=,0.864296999999999,0.015378
2024-01-20,AAAAAAAAAAAAAAAAAAAAAAAAAAAABYTLU4hLOUU=,0.114829,5.302266
2024-01-27,AAAAAAAAAAAAAAAAAAAAAAAAAAAAAAAAAAAAJBA=,0.76774399999999976,1.037669
2024-02-05,AAAAAAAAAAAAAAAAAAAAAAAAAAAABqVjuNvNnoE=,0.033733,1.800464
2024-02-03,AAAAAAAAAAAAAAAAAAAAAAAAAAAABYTLU4hLOUU=,0.19623100000000004,10.068098
2024-02-04,AAAAAAAAAAAAAAAAAAAAAAAAAIZiad33fbxA7Z0=,2.6581590000000004,11.23685
2023-12-23,AAAAAAAAAAAAAAAAAAAAAAAAAAAACAgICAgICAg=,0.24097599999999997,12.848148
2024-01-31,AAAAAAAAAAAAAAAAAAAAAAAAAAAAAAAAAAAAJBA=,1.4544300000000006,1.844235
2023-12-31,AAAAAAAAAAAAAAAAAAAAAAAAAAAACAgICAgICAg=,0.15667399999999998,7.92306
2024-02-01,AAAAAAAAAAAAAAAAAAAAAAAAAAAAAAAAAAAAJBA=,1.504649000000001,1.879927
2024-02-01,AAAAAAAAAAAAAAAAAAAAAAAAAAB0Y2VsZXN0aWE=,0.030597999999999997,1.643501
2024-01-09,AAAAAAAAAAAAAAAAAAAAAAAAAGFzdHJvZ2x5cGg=,0.0038709999999999994,0.199601
2023-12-19,AAAAAAAAAAAAAAAAAAAAAAAAAAECAwQFBgcICRA=,0.01,3.6e-05
2024-02-03,AAAAAAAAAAAAAAAAAAAAAAAAAAAABqVjuNvNnoE=,0.032425,1.732896
2023-11-11,AAAAAAAAAAAAAAAAAAAAAAAAAEJpDCBNOWAP3dM=,0.00798,1.6e-05
2023-11-17,AAAAAAAAAAAAAAAAAAAAAAAAAAAAfni6peuPBW8=,0.009618,0.001958
2023-12-25,AAAAAAAAAAAAAAAAAAAAAAAAAAAAAAAAAAAAJBA=,0.088352999999999987,2.440676
2023-11-27,AAAAAAAAAAAAAAAAAAAAAAAAAAAAtwyT7znK7sA=,0.51000000000000012,0.025224
2024-01-19,AAAAAAAAAAAAAAAAAAAAAAAAAIZiad33fbxA7Z0=,15.405292000000003,67.035356
2024-01-28,AAAAAAAAAAAAAAAAAAAAAAAAAAAADNtEcdl1sYY=,0.04134800000000001,2.241125
2023-12-28,AAAAAAAAAAAAAAAAAAAAAAAAAAAACAgICAgICAg=,0.24723900000000001,13.05885
2024-01-03,AAAAAAAAAAAAAAAAAAAAAAAAAIZiad33fbxA7Z0=,3.6720829999999989,15.719677
2023-12-23,AAAAAAAAAAAAAAAAAAAAAAAAAAAAAAAAAAAAJBA=,0.022337999999999997,0.78987
2024-02-02,AAAAAAAAAAAAAAAAAAAAAAAAAAAACAgICAgICAg=,0.12247799999999998,2.266387
2024-01-31,AAAAAAAAAAAAAAAAAAAAAAAAAAAABqVjuNvNnoE=,0.035775,1.912156
2024-01-30,AAAAAAAAAAAAAAAAAAAAAAAAAAAACAgICAgICAg=,0.28367300000000012,5.262561
2024-01-30,AAAAAAAAAAAAAAAAAAAAAAAAAAAAC07kntyDQ8A=,0.055662000000000031,1.863029
2024-01-29,AAAAAAAAAAAAAAAAAAAAAAAAAIZiad33fbxA7Z0=,4.044249,17.745298
2024-02-07,AAAAAAAAAAAAAAAAAAAAAAAAAAB0Y2VsZXN0aWE=,0.031945,1.69536
2024-01-23,AAAAAAAAAAAAAAAAAAAAAAAAAAAAAAAAAAAAJBA=,0.24000000000000016,2.103272
2024-01-09,AAAAAAAAAAAAAAAAAAAAAAAAAAAAAAAAAAAAJBA=,0.042367,1.849676
2024-01-15,AAAAAAAAAAAAAAAAAAAAAAAAAAB0Y2VsZXN0aWE=,0.046677999999999983,2.423765
2024-01-26,AAAAAAAAAAAAAAAAAAAAAAAAAAAABqVjuNvNnoE=,0.035768,1.911368
,AAAAAAAAAAAAAAAAAAAAAAAAAAAAY2VsZm9ydW0=,0.0399,0.000258
2024-01-14,AAAAAAAAAAAAAAAAAAAAAAAAAGFzdHJvZ2x5cGg=,0.001798,0.096701
2024-01-19,AAAAAAAAAAAAAAAAAAAAAAAAAAAACAgICAgICAg=,3.3518640000000013,68.446728
2024-01-17,AAAAAAAAAAAAAAAAAAAAAAAAAIZiad33fbxA7Z0=,5.54379,23.809274
2024-01-15,AAAAAAAAAAAAAAAAAAAAAAAAAIZiad33fbxA7Z0=,6.0072350000000014,25.893913
2024-02-01,AAAAAAAAAAAAAAAAAAAAAAAAAAAACAgICAgICAg=,0.27874299999999985,5.173463
2024-02-06,AAAAAAAAAAAAAAAAAAAAAAAAAAAACAgICAgICAg=,0.28048599999999996,5.203063
2024-02-06,AAAAAAAAAAAAAAAAAAAAAAAAAAAADE4vVvVyRsg=,0.055751000000000044,1.854679
2024-01-06,AAAAAAAAAAAAAAAAAAAAAAAAAAAACAgICAgICAg=,0.22338000000000002,11.747201
2024-01-23,AAAAAAAAAAAAAAAAAAAAAAAAAAAABYTLU4hLOUU=,0.123642,5.785128
2024-01-16,AAAAAAAAAAAAAAAAAAAAAAAAAAAACAgICAgICAg=,0.555998,6.35152
2024-01-22,AAAAAAAAAAAAAAAAAAAAAAAAAAAABYTLU4hLOUU=,0.10796099999999999,4.918736
2024-02-08,AAAAAAAAAAAAAAAAAAAAAAAAAIZiad33fbxA7Z0=,1.76185,7.358762
2023-12-27,AAAAAAAAAAAAAAAAAAAAAAAAAIZiad33fbxA7Z0=,3.5300640000000003,15.160861
2023-12-22,AAAAAAAAAAAAAAAAAAAAAAAAAAAAAAAAAAAAJBA=,0.0064089999999999989,0.229802
2024-01-10,AAAAAAAAAAAAAAAAAAAAAAAAAGFzdHJvZ2x5cGg=,0.077931,4.520607
2024-02-04,AAAAAAAAAAAAAAAAAAAAAAAAAAAACLkdk+ILapw=,0.045922999999999992,2.410133
2024-01-29,AAAAAAAAAAAAAAAAAAAAAAAAAAAAAAAAAAAAJBA=,0.80648800000000009,0.940264
2023-12-17,AAAAAAAAAAAAAAAAAAAAAAAAADEyMzQ1Njc4OTA=,0.01596,1.8e-05
2024-02-06,AAAAAAAAAAAAAAAAAAAAAAAAAAAADBuw7+PjGs8=,0.23125599999999996,12.56231
2024-01-10,AAAAAAAAAAAAAAAAAAAAAAAAAIZiad33fbxA7Z0=,3.6801200000000014,16.06359
2024-01-31,AAAAAAAAAAAAAAAAAAAAAAAAAIZiad33fbxA7Z0=,3.505262,15.219739
2024-01-21,AAAAAAAAAAAAAAAAAAAAAAAAAAAACLkdk+ILapw=,0.063311000000000034,2.301431
2024-01-26,AAAAAAAAAAAAAAAAAAAAAAAAAAAADNtEcdl1sYY=,0.037554000000000011,2.025563
2024-02-06,AAAAAAAAAAAAAAAAAAAAAAAAAAAACLkdk+ILapw=,0.047765999999999996,2.501245
2024-02-03,AAAAAAAAAAAAAAAAAAAAAAAAAAAACLkdk+ILapw=,0.043498,2.295214
2024-01-23,AAAAAAAAAAAAAAAAAAAAAAAAAAAADNtEcdl1sYY=,0.038125000000000006,2.059279
2023-12-17,AAAAAAAAAAAAAAAAAAAAAAAAAAAAAABhc3Rybyo=,0.000726,0.014572
2024-01-28,AAAAAAAAAAAAAAAAAAAAAAAAAAAADBuw7+PjGs8=,0.031956,1.697528
2023-11-16,AAAAAAAAAAAAAAAAAAAAAAAAAAAAz0Q6HXK9dHw=,0.41766600000000004,0.033225
2023-12-31,AAAAAAAAAAAAAAAAAAAAAAAAAEJpDCBNOWAP3dM=,0.0099200000000000087,0.000124
2023-12-15,AAAAAAAAAAAAAAAAAAAAAAAAAIZiad33fbxA7Z0=,0.008062,0.318135
2024-01-09,AAAAAAAAAAAAAAAAAAAAAAAAAAAAcmlja3JvbGw=,0.0016,0.00053
,AAAAAAAAAAAAAAAAAAAAAAAAAAAAAAAAAAAA3dM=,0.023939999999999996,1.7e-05
,AAAAAAAAAAAAAAAAAAAAAAAAAAAACOX2eb9xFss=,3.6343089999999996,4.185467
2024-01-27,AAAAAAAAAAAAAAAAAAAAAAAAAGFzdHJvZ2x5cGg=,0.004068,0.23001
2024-02-08,AAAAAAAAAAAAAAAAAAAAAAAAAAAACAgICAgICAg=,3.627786,77.076071
2024-01-13,AAAAAAAAAAAAAAAAAAAAAAAAAIZiad33fbxA7Z0=,4.3407820000000017,18.610165
2024-01-24,AAAAAAAAAAAAAAAAAAAAAAAAAAAACLkdk+ILapw=,0.070244,2.734676
2023-12-28,AAAAAAAAAAAAAAAAAAAAAAAAAIZiad33fbxA7Z0=,4.6680199999999994,20.030496
2024-01-30,AAAAAAAAAAAAAAAAAAAAAAAAAAAABYTLU4hLOUU=,0.18217599999999995,9.278524
2024-01-14,AAAAAAAAAAAAAAAAAAAAAAAAAIZiad33fbxA7Z0=,3.899721,16.844541
2024-01-31,AAAAAAAAAAAAAAAAAAAAAAAAAAAACAgICAgICAg=,0.291306,5.403296
2024-01-09,AAAAAAAAAAAAAAAAAAAAAAAAAIZiad33fbxA7Z0=,3.999646,17.167663
2024-01-30,AAAAAAAAAAAAAAAAAAAAAAAAAAAAAAAAAAAAJBA=,1.8625580000000002,2.715301
2024-02-08,AAAAAAAAAAAAAAAAAAAAAAAAAAB0Y2VsZXN0aWE=,0.031693,1.707743
2023-12-31,AAAAAAAAAAAAAAAAAAAAAAAAAAAAAAAAAAAAJBA=,0.042605999999999991,1.855336
2024-02-04,AAAAAAAAAAAAAAAAAAAAAAAAAAAAC07kntyDQ8A=,0.018672000000000005,0.630514
2024-01-30,AAAAAAAAAAAAAAAAAAAAAAAAAAAADNtEcdl1sYY=,0.039804,2.159064
,AAAAAAAAAAAAAAAAAAAAAAAAAAAA5u3T/774x9g=,0.13446399999999997,0.004564
2024-01-12,AAAAAAAAAAAAAAAAAAAAAAAAAAAACAgICAgICAg=,0.038727000000000004,0.41066
2024-01-06,AAAAAAAAAAAAAAAAAAAAAAAAAEJpDCBNOWAP3dM=,0.00016,2e-06
2023-11-28,AAAAAAAAAAAAAAAAAAAAAAAAAFczU3Rlc3QwMDE=,0.00016,2.4e-05
2024-01-26,AAAAAAAAAAAAAAAAAAAAAAAAAAAAAAAAAAAAJBA=,1.211661,1.614809
2024-01-18,AAAAAAAAAAAAAAAAAAAAAAAAAAAABYTLU4hLOUU=,0.085012999999999991,3.56099
2023-12-26,AAAAAAAAAAAAAAAAAAAAAAAAAAAAAAAAAAAAJBA=,0.045032999999999976,1.969638
2023-12-26,AAAAAAAAAAAAAAAAAAAAAAAAAIZiad33fbxA7Z0=,5.3821220000000007,23.172247
2023-12-22,AAAAAAAAAAAAAAAAAAAAAAAAAIZiad33fbxA7Z0=,6.1324420000000011,25.629237
2023-11-17,AAAAAAAAAAAAAAAAAAAAAAAAAAAAP5RhXayIQX0=,0.32315399999999994,0.027366
2024-01-19,AAAAAAAAAAAAAAAAAAAAAAAAAAAAC07kntyDQ8A=,0.051078999999999986,1.80025
2024-02-05,AAAAAAAAAAAAAAAAAAAAAAAAAAAACAgICAgICAg=,0.282028,5.240502
2024-02-08,AAAAAAAAAAAAAAAAAAAAAAAAAAAACLkdk+ILapw=,0.043606,2.310865
2024-01-21,AAAAAAAAAAAAAAAAAAAAAAAAAAAADBuw7+PjGs8=,0.047873999999999993,2.516346
2023-11-14,AAAAAAAAAAAAAAAAAAAAAAAAAAAAcm9sbGtpdAA=,0.189982,0.006296
2024-01-25,AAAAAAAAAAAAAAAAAAAAAAAAAGFzdHJvZ2x5cGg=,0.072719,4.214862
2023-12-19,AAAAAAAAAAAAAAAAAAAAAAAAAGFzdHJvZ2x5cGg=,0.13784,8.00988
2024-01-11,AAAAAAAAAAAAAAAAAAAAAAAAADEyMzQ1Njc4OTA=,0.000239,1.1e-05
2023-12-17,AAAAAAAAAAAAAAAAAAAAAAAAAAAAAHJvY2s3Nzc=,0.001,7e-06
2023-12-22,AAAAAAAAAAAAAAAAAAAAAAAAAGFzdHJvZ2x5cGg=,0.01466,0.85323
2024-01-29,AAAAAAAAAAAAAAAAAAAAAAAAAAAADE4vVvVyRsg=,0.056548000000000008,1.896393
2024-01-20,AAAAAAAAAAAAAAAAAAAAAAAAAAAAC07kntyDQ8A=,0.052110999999999991,1.829318
2024-02-06,AAAAAAAAAAAAAAAAAAAAAAAAAAAABYTLU4hLOUU=,0.123581,5.87468
2024-01-07,AAAAAAAAAAAAAAAAAAAAAAAAAIZiad33fbxA7Z0=,5.5077730000000011,23.479996
2024-01-21,AAAAAAAAAAAAAAAAAAAAAAAAAIZiad33fbxA7Z0=,6.0831120000000007,27.251824
2024-01-23,AAAAAAAAAAAAAAAAAAAAAAAAAAAAC07kntyDQ8A=,0.054266999999999989,1.892482
2024-02-04,AAAAAAAAAAAAAAAAAAAAAAAAAAB0Y2VsZXN0aWE=,0.030414999999999994,1.624554
2023-12-19,AAAAAAAAAAAAAAAAAAAAAAAAAAAAAG11c3RhZmE=,0.00016,2e-06
2024-01-27,AAAAAAAAAAAAAAAAAAAAAAAAAAAADNtEcdl1sYY=,0.037926000000000008,2.048241
,AAAAAAAAAAAAAAAAAAAAAAAAAExABw99PL3xzGk=,0.023939999999999996,5.6e-05
2023-11-22,AAAAAAAAAAAAAAAAAAAAAAAAAAAAAAAAAAAAQmk=,0.00016,2e-06
2023-12-22,AAAAAAAAAAAAAAAAAAAAAAAAAAAAAAAAAABrZWs=,0.00032,9e-06
2023-12-21,AAAAAAAAAAAAAAAAAAAAAAAAAAAAYmFzaWxpc2s=,0.00016,6e-06
2023-11-11,AAAAAAAAAAAAAAAAAAAAAAAAAAAAAAAAAEpvc2g=,1.110411,1.288179
2024-02-08,AAAAAAAAAAAAAAAAAAAAAAAAAAAADE4vVvVyRsg=,0.041716000000000017,1.390535
2024-01-20,AAAAAAAAAAAAAAAAAAAAAAAAAAAABqVjuNvNnoE=,0.051878000000000035,1.793066
2024-01-26,AAAAAAAAAAAAAAAAAAAAAAAAAAAADE4vVvVyRsg=,0.055861000000000022,1.861366
2024-01-18,AAAAAAAAAAAAAAAAAAAAAAAAAIZiad33fbxA7Z0=,9.1975139999999982,39.220833
2024-01-03,AAAAAAAAAAAAAAAAAAAAAAAAAAAACAgICAgICAg=,0.20936699999999997,10.987896
2024-01-02,AAAAAAAAAAAAAAAAAAAAAAAAAIZiad33fbxA7Z0=,4.967386,21.415028
2024-02-02,AAAAAAAAAAAAAAAAAAAAAAAAAGFzdHJvZ2x5cGg=,0.041461,2.366539
2024-01-09,AAAAAAAAAAAAAAAAAAAAAAAAAAAAAGdtd29ybGQ=,0.133586,0.168416
2024-01-30,AAAAAAAAAAAAAAAAAAAAAAAAAAAABqVjuNvNnoE=,0.032254,1.724203
2023-11-27,AAAAAAAAAAAAAAAAAAAAAAAAAAAAAAAAAEpvc2g=,0.058614000000000006,1.649569
2024-01-21,AAAAAAAAAAAAAAAAAAAAAAAAAAAADNtEcdl1sYY=,0.05545799999999998,2.25668
2024-02-06,AAAAAAAAAAAAAAAAAAAAAAAAAAAABqVjuNvNnoE=,0.032417,1.733778
2023-11-27,AAAAAAAAAAAAAAAAAAAAAAAAAAAACOX2eb9xFss=,0.005656000000000003,0.016245
2024-02-01,AAAAAAAAAAAAAAAAAAAAAAAAAAAABqVjuNvNnoE=,0.035333,1.887581
2024-01-10,AAAAAAAAAAAAAAAAAAAAAAAAAAAAAGdtd29ybGQ=,0.007651,0.00798
2024-01-22,AAAAAAAAAAAAAAAAAAAAAAAAAIZiad33fbxA7Z0=,5.1052039999999979,22.70254
2024-02-02,AAAAAAAAAAAAAAAAAAAAAAAAAAB0Y2VsZXN0aWE=,0.031034999999999997,1.63347
2024-02-03,AAAAAAAAAAAAAAAAAAAAAAAAAAAADNtEcdl1sYY=,0.040093000000000004,2.15762
2024-01-10,AAAAAAAAAAAAAAAAAAAAAAAAAAAAAAAAAABTRUM=,0.00016,7.3e-05
2023-11-16,AAAAAAAAAAAAAAAAAAAAAAAAAAAAt0uqsbG3imI=,0.15236399999999997,0.004912
2024-01-10,AAAAAAAAAAAAAAAAAAAAAAAAAAAAcmlja3JvbGw=,0.15516,1.808504
2024-01-30,AAAAAAAAAAAAAAAAAAAAAAAAAAAAtwyT7znK7sA=,0.2,0.003028
,AAAAAAAAAAAAAAAAAAAAAAAAAAAATVlruiHzH04=,0.135853,0.002535
2023-11-27,AAAAAAAAAAAAAAAAAAAAAAAAAAAAAAAAAAAAQmk=,0.00016,2e-06
2023-11-22,AAAAAAAAAAAAAAAAAAAAAAAAAAAAAAAAAEpvc2g=,0.10559599999999997,4.047293
2024-01-29,AAAAAAAAAAAAAAAAAAAAAAAAAAAABYTLU4hLOUU=,0.38792800000000005,20.574297
2024-01-17,AAAAAAAAAAAAAAAAAAAAAAAAAAAACAgICAgICAg=,2.0085590000000009,29.815383
2024-01-17,AAAAAAAAAAAAAAAAAAAAAAAAAAAABqVjuNvNnoE=,0.015414999999999998,0.510034
2024-01-17,AAAAAAAAAAAAAAAAAAAAAAAAAAAADNtEcdl1sYY=,0.064475999999999992,2.313175
2024-02-03,AAAAAAAAAAAAAAAAAAAAAAAAAAAADE4vVvVyRsg=,0.056067000000000027,1.874609
2024-01-06,AAAAAAAAAAAAAAAAAAAAAAAAAAAAAAAAAAAAJBA=,0.041930999999999975,1.830866
2024-02-07,AAAAAAAAAAAAAAAAAAAAAAAAAAAADNtEcdl1sYY=,0.040906,2.214285
2024-01-18,AAAAAAAAAAAAAAAAAAAAAAAAAAB0Y2VsZXN0aWE=,0.010566,0.456079
2024-01-14,AAAAAAAAAAAAAAAAAAAAAAAAAAAAAAAAAAAAJBA=,0.19200000000000012,2.037623
2024-02-08,AAAAAAAAAAAAAAAAAAAAAAAAAAAADNtEcdl1sYY=,0.029614000000000005,1.605353
2023-12-24,AAAAAAAAAAAAAAAAAAAAAAAAAAAAAAAAAAAAJBA=,0.00771,0.132995
2024-01-10,AAAAAAAAAAAAAAAAAAAAAAAAAAAAAFBvbGFyaXM=,0.030373000000000008,0.060041
2024-02-04,AAAAAAAAAAAAAAAAAAAAAAAAAAAADNtEcdl1sYY=,0.039099000000000009,2.116345
2023-12-18,AAAAAAAAAAAAAAAAAAAAAAAAAGFzdHJvZ2x5cGg=,0.00044300000000000003,0.007744
2024-01-21,AAAAAAAAAAAAAAAAAAAAAAAAAAAAAAAAAGNpYXM=,0.01,3.2e-05
2024-01-24,AAAAAAAAAAAAAAAAAAAAAAAAAAAAC07kntyDQ8A=,0.049514,1.758515
2024-01-02,AAAAAAAAAAAAAAAAAAAAAAAAAAAACAgICAgICAg=,0.193921,10.106408
2023-12-24,AAAAAAAAAAAAAAAAAAAAAAAAAIZiad33fbxA7Z0=,5.873117999999999,25.392425
2024-02-07,AAAAAAAAAAAAAAAAAAAAAAAAAAAACAgICAgICAg=,2.20611,40.735205
2024-01-21,AAAAAAAAAAAAAAAAAAAAAAAAAAAAC07kntyDQ8A=,0.052964,1.850831
2024-01-10,AAAAAAAAAAAAAAAAAAAAAAAAAFNFQ2ZpbGluZ3M=,0.032371,1.895604
2023-12-25,AAAAAAAAAAAAAAAAAAAAAAAAAGFzdHJvZ2x5cGg=,0.020113000000000002,1.146493
2023-11-17,AAAAAAAAAAAAAAAAAAAAAAAAAAAAr0v5RiOkcNM=,0.15725400000000003,0.011741
2023-11-20,AAAAAAAAAAAAAAAAAAAAAAAAAEJpDCBNOWAP3dM=,0.00798,2e-06
2023-12-08,AAAAAAAAAAAAAAAAAAAAAAAAAAEBAQEBAQEBAQE=,0.00143,3.3e-05
2024-02-04,AAAAAAAAAAAAAAAAAAAAAAAAAAAADE4vVvVyRsg=,0.056028000000000015,1.88184
2024-02-07,AAAAAAAAAAAAAAAAAAAAAAAAAAAABYTLU4hLOUU=,0.16723600000000005,8.333061
2024-01-25,AAAAAAAAAAAAAAAAAAAAAAAAAAAAAAAAAAAAJBA=,1.899295,2.484283
2024-01-21,AAAAAAAAAAAAAAAAAAAAAAAAAAAABYTLU4hLOUU=,0.12181699999999994,5.744895
2024-01-29,AAAAAAAAAAAAAAAAAAAAAAAAAAAABqVjuNvNnoE=,0.035759,1.910587
2024-01-25,AAAAAAAAAAAAAAAAAAAAAAAAAAAABqVjuNvNnoE=,0.037773,2.022105
2024-01-21,AAAAAAAAAAAAAAAAAAAAAAAAAAAABqVjuNvNnoE=,0.035948999999999995,1.923604
2024-01-07,AAAAAAAAAAAAAAAAAAAAAAAAAAB0ZXN0c3BhY2U=,0.000352,0.002706
2023-11-20,AAAAAAAAAAAAAAAAAAAAAAAAAAAAAAAAAAAAQmk=,0.01596,4e-06
2023-11-10,AAAAAAAAAAAAAAAAAAAAAAAAAAAAAAAAAEpvc2g=,0.00798,6e-06
2024-01-19,AAAAAAAAAAAAAAAAAAAAAAAAAAAADNtEcdl1sYY=,0.063435,2.290546
2023-12-21,AAAAAAAAAAAAAAAAAAAAAAAAAAAACAgICAgICAg=,0.10327700000000002,4.781518
2024-01-07,AAAAAAAAAAAAAAAAAAAAAAAAAAAACAgICAgICAg=,0.13611300000000004,6.796302
2024-01-23,AAAAAAAAAAAAAAAAAAAAAAAAAAAACLkdk+ILapw=,0.074770999999999976,2.910091
2024-01-24,AAAAAAAAAAAAAAAAAAAAAAAAAAAABqVjuNvNnoE=,0.032602,1.743845
2024-01-28,AAAAAAAAAAAAAAAAAAAAAAAAAAAACLkdk+ILapw=,0.071396000000000029,2.768135
,AAAAAAAAAAAAAAAAAAAAAAAAAAAAWwz62rBXyrs=,0.072063,0.002028
2024-01-30,AAAAAAAAAAAAAAAAAAAAAAAAAIZiad33fbxA7Z0=,3.6022890000000007,15.681899
2024-02-01,AAAAAAAAAAAAAAAAAAAAAAAAAIZiad33fbxA7Z0=,2.8815440000000012,12.302859
2024-02-02,AAAAAAAAAAAAAAAAAAAAAAAAAAAAAAAAAAAAJBA=,0.942774,1.306112
2024-01-22,AAAAAAAAAAAAAAAAAAAAAAAAAAAABqVjuNvNnoE=,0.03424300000000001,1.831187
2024-01-31,AAAAAAAAAAAAAAAAAAAAAAAAAGFzdHJvZ2x5cGg=,0.043321000000000005,2.512742
,AAAAAAAAAAAAAAAAAAAAAAAAAAABAgMEBQYHCAk=,0.021,1.3e-05
2024-01-26,AAAAAAAAAAAAAAAAAAAAAAAAAAAACAgICAgICAg=,0.286239,5.340092
2024-01-10,AAAAAAAAAAAAAAAAAAAAAAAAAAAACAgICAgICAg=,0.26411399999999996,12.793138
2023-12-20,AAAAAAAAAAAAAAAAAAAAAAAAAGFzdHJvZ2x5cGg=,0.22426,13.039764
2024-01-22,AAAAAAAAAAAAAAAAAAAAAAAAAAAACLkdk+ILapw=,0.081347,3.362202
2023-11-21,AAAAAAAAAAAAAAAAAAAAAAAAAAAAAAAAABERERE=,0.037654,0.007742
2024-02-03,AAAAAAAAAAAAAAAAAAAAAAAAAAB0Y2VsZXN0aWE=,0.029817000000000003,1.588943
2024-01-22,AAAAAAAAAAAAAAAAAAAAAAAAAAAADBuw7+PjGs8=,0.050192999999999988,2.652618
2024-01-25,AAAAAAAAAAAAAAAAAAAAAAAAAAAADBuw7+PjGs8=,0.032024000000000004,1.691034
2024-01-26,AAAAAAAAAAAAAAAAAAAAAAAAAAAADBuw7+PjGs8=,0.030005999999999998,1.580874
2023-11-13,AAAAAAAAAAAAAAAAAAAAAAAAAEJpDCBNOWAP3dM=,0.01596,3.4e-05
2024-01-20,AAAAAAAAAAAAAAAAAAAAAAAAAIZiad33fbxA7Z0=,9.9212609999999959,44.601962
2024-01-01,AAAAAAAAAAAAAAAAAAAAAAAAAIZiad33fbxA7Z0=,5.266388,22.797814
2024-01-25,AAAAAAAAAAAAAAAAAAAAAAAAAIZiad33fbxA7Z0=,4.3225719999999983,19.076552
2024-02-08,AAAAAAAAAAAAAAAAAAAAAAAAAAAABYTLU4hLOUU=,0.13324,6.793222
2023-12-30,AAAAAAAAAAAAAAAAAAAAAAAAAAAACAgICAgICAg=,0.17241100000000006,8.853085
2024-01-21,AAAAAAAAAAAAAAAAAAAAAAAAAAAAAAAAAAAAJBA=,0.21000000000000013,1.844549
2024-01-14,AAAAAAAAAAAAAAAAAAAAAAAAAAAACAgICAgICAg=,0.040098,0.417239
2024-02-08,AAAAAAAAAAAAAAAAAAAAAAAAAAAABqVjuNvNnoE=,0.023874,1.276801
2024-01-13,AAAAAAAAAAAAAAAAAAAAAAAAAAAACAgICAgICAg=,0.071567,0.347752
2024-01-16,AAAAAAAAAAAAAAAAAAAAAAAAAAAADBuw7+PjGs8=,0.013887,0.734929
,AAAAAAAAAAAAAAAAAAAAAAAAAAAAY2NsYWJzMDE=,6.160736,7.175544
2023-12-21,AAAAAAAAAAAAAAAAAAAAAAAAAAB0ZXN0c3BhY2U=,0.00016,3.4e-05
2023-12-19,AAAAAAAAAAAAAAAAAAAAAAAAAAAAAAAAdGZsb3c=,0.00016,2e-06
2024-02-08,AAAAAAAAAAAAAAAAAAAAAAAAAMod4SqXFNgavI8=,0.57260800000000023,1.702978
2024-01-19,AAAAAAAAAAAAAAAAAAAAAAAAAAAAAAAAAAAAJBA=,0.21600000000000014,1.988861
2024-01-13,AAAAAAAAAAAAAAAAAAAAAAAAAAAAAAAAAAAAJBA=,0.24600000000000016,3.465221
2024-02-01,AAAAAAAAAAAAAAAAAAAAAAAAAAAACLkdk+ILapw=,0.067983999999999989,2.641163
2024-01-28,AAAAAAAAAAAAAAAAAAAAAAAAAAAADE4vVvVyRsg=,0.056409000000000022,1.874661
2024-01-03,AAAAAAAAAAAAAAAAAAAAAAAAAAAAAAAAAAAAJBA=,0.04293099999999999,1.882565
2024-02-06,AAAAAAAAAAAAAAAAAAAAAAAAAIZiad33fbxA7Z0=,1.7692590000000001,7.257125
2024-02-06,AAAAAAAAAAAAAAAAAAAAAAAAAAAADNtEcdl1sYY=,0.030398,1.642211
2024-01-25,AAAAAAAAAAAAAAAAAAAAAAAAAAAAC07kntyDQ8A=,0.05156299999999997,1.82347
2024-01-16,AAAAAAAAAAAAAAAAAAAAAAAAAAAACLkdk+ILapw=,0.021970999999999994,0.888414
2024-01-16,AAAAAAAAAAAAAAAAAAAAAAAAAAAADNtEcdl1sYY=,0.020621999999999998,0.745671
2023-12-14,AAAAAAAAAAAAAAAAAAAAAAAAAD7oXf20+S/sEj0=,0.11901799999999993,0.553553
2023-12-31,AAAAAAAAAAAAAAAAAAAAAAAAAIZiad33fbxA7Z0=,6.8514310000000007,29.590205
2024-01-29,AAAAAAAAAAAAAAAAAAAAAAAAAAAACAgICAgICAg=,0.29355799999999993,5.436276
2024-02-04,AAAAAAAAAAAAAAAAAAAAAAAAAAAADBuw7+PjGs8=,0.028539,1.494712
2023-12-18,AAAAAAAAAAAAAAAAAAAAAAAAAAAAAAAAAEpvc2g=,0.001291,0.066788
2023-12-17,AAAAAAAAAAAAAAAAAAAAAAAAAAAATWVyY3lLZW4=,0.00016,8e-05
2023-12-24,AAAAAAAAAAAAAAAAAAAAAAAAAGFzdHJvZ2x5cGg=,0.011694,0.67912
2024-01-03,AAAAAAAAAAAAAAAAAAAAAAAAAGFzdHJvZ2x5cGg=,0.013616000000000001,0.782597
2023-11-22,AAAAAAAAAAAAAAAAAAAAAAAAAAAACOX2eb9xFss=,0.059999,0.061593
2024-01-20,AAAAAAAAAAAAAAAAAAAAAAAAAAAADNtEcdl1sYY=,0.065065999999999985,2.397668
2024-02-03,AAAAAAAAAAAAAAAAAAAAAAAAAIZiad33fbxA7Z0=,2.497085,10.48055
2024-01-28,AAAAAAAAAAAAAAAAAAAAAAAAAAAACAgICAgICAg=,0.29172399999999993,5.40323
2024-01-18,AAAAAAAAAAAAAAAAAAAAAAAAAAAAAAAAAAAAJBA=,1.182,10.966967
2023-12-20,AAAAAAAAAAAAAAAAAAAAAAAAAIZiad33fbxA7Z0=,1.9832910000000004,8.04914
2024-01-04,AAAAAAAAAAAAAAAAAAAAAAAAAAAAAAAAAAAAJBA=,0.389622,16.893821
2024-02-02,AAAAAAAAAAAAAAAAAAAAAAAAAAAABYTLU4hLOUU=,0.19047199999999995,9.718048
2024-01-08,AAAAAAAAAAAAAAAAAAAAAAAAAIZiad33fbxA7Z0=,4.8356839999999979,20.719869
2023-12-19,AAAAAAAAAAAAAAAAAAAAAAAAAIZiad33fbxA7Z0=,1.790111,7.360611
2024-02-07,AAAAAAAAAAAAAAAAAAAAAAAAAAAABqVjuNvNnoE=,0.035782,1.913645
2023-12-17,AAAAAAAAAAAAAAAAAAAAAAAAAAAAAAAAAGNpYXM=,0.001,8e-06
2024-01-31,AAAAAAAAAAAAAAAAAAAAAAAAAAAADNtEcdl1sYY=,0.041846000000000008,2.259877
2024-01-24,AAAAAAAAAAAAAAAAAAAAAAAAAAAABYTLU4hLOUU=,0.14725000000000005,7.254625
2024-01-27,AAAAAAAAAAAAAAAAAAAAAAAAAAAADE4vVvVyRsg=,0.056482000000000025,1.88275
2024-01-18,AAAAAAAAAAAAAAAAAAAAAAAAAAAACOX2eb9xFss=,0.26437399999999989,0.015446
2024-02-07,AAAAAAAAAAAAAAAAAAAAAAAAAAAADE4vVvVyRsg=,0.057893000000000021,1.927062
2024-01-16,AAAAAAAAAAAAAAAAAAAAAAAAAIZiad33fbxA7Z0=,3.9389920000000012,17.000081
2024-01-26,AAAAAAAAAAAAAAAAAAAAAAAAAAAAC07kntyDQ8A=,0.042730999999999991,1.48828
2024-01-31,AAAAAAAAAAAAAAAAAAAAAAAAAAAAC07kntyDQ8A=,0.052702999999999986,1.826113
2024-02-02,AAAAAAAAAAAAAAAAAAAAAAAAAAAAC07kntyDQ8A=,0.056045000000000005,1.909214
2024-01-16,AAAAAAAAAAAAAAAAAAAAAAAAAAB0Y2VsZXN0aWE=,0.047396000000000015,1.66963
2024-02-06,AAAAAAAAAAAAAAAAAAAAAAAAAAAAAAAAAAAAJBA=,0.784769,1.555435
2024-01-20,AAAAAAAAAAAAAAAAAAAAAAAAAAAADBuw7+PjGs8=,0.042901000000000009,2.259712
2024-01-15,AAAAAAAAAAAAAAAAAAAAAAAAAAAADNtEcdl1sYY=,0.00079499999999999992,0.044497
2023-11-22,AAAAAAAAAAAAAAAAAAAAAAAAAEJpDCBNOWAP3dM=,0.472847,0.511016
2024-01-29,AAAAAAAAAAAAAAAAAAAAAAAAAAAAC07kntyDQ8A=,0.053059999999999968,1.848468
2024-01-28,AAAAAAAAAAAAAAAAAAAAAAAAAAAAAAAAAAAAJBA=,1.635487,2.2812
2024-02-07,AAAAAAAAAAAAAAAAAAAAAAAAAIZiad33fbxA7Z0=,1.8453460000000002,7.615389
2024-01-30,AAAAAAAAAAAAAAAAAAAAAAAAAAAADE4vVvVyRsg=,0.057482000000000033,1.918224
2024-02-05,AAAAAAAAAAAAAAAAAAAAAAAAAAAADNtEcdl1sYY=,0.039923,2.156642
2024-01-31,AAAAAAAAAAAAAAAAAAAAAAAAAAAADBuw7+PjGs8=,0.038033,2.02825
2024-01-17,AAAAAAAAAAAAAAAAAAAAAAAAAAAABYTLU4hLOUU=,0.073286999999999977,2.842373
2023-12-20,AAAAAAAAAAAAAAAAAAAAAAAAAAAACAgICAgICAg=,0.063123000000000012,2.975642
2024-02-02,AAAAAAAAAAAAAAAAAAAAAAAAAAAADNtEcdl1sYY=,0.041416999999999995,2.235176
2023-12-18,AAAAAAAAAAAAAAAAAAAAAAAAAEJpDCBNOWAP3dM=,0.004412000000000001,0.23168
2023-12-25,AAAAAAAAAAAAAAAAAAAAAAAAAAAACAgICAgICAg=,0.270807,13.999637
2024-01-27,AAAAAAAAAAAAAAAAAAAAAAAAAAAACLkdk+ILapw=,0.062324000000000025,2.233346
2024-01-05,AAAAAAAAAAAAAAAAAAAAAAAAAAAACAgICAgICAg=,0.18941299999999997,9.766273
2024-01-07,AAAAAAAAAAAAAAAAAAAAAAAAAAAAAAAAAAAAJBA=,0.045619000000000007,2.005154
2024-02-07,AAAAAAAAAAAAAAAAAAAAAAAAAAAADBuw7+PjGs8=,0.24776,13.469537
2024-01-20,AAAAAAAAAAAAAAAAAAAAAAAAAAAACLkdk+ILapw=,0.063639,2.300416
2024-01-27,AAAAAAAAAAAAAAAAAAAAAAAAAAAABYTLU4hLOUU=,0.232112,12.153154
2023-11-21,AAAAAAAAAAAAAAAAAAAAAAAAAEJpDCBNOWAP3dM=,0.134123,0.13025
,AAAAAAAAAAAAAAAAAAAAAAAAAAAAAAAAAGpvc2g=,5.287892,6.166445
2024-01-27,AAAAAAAAAAAAAAAAAAAAAAAAAAAABqVjuNvNnoE=,0.034337,1.837025
,AAAAAAAAAAAAAAAAAAAAAAAAAAAA/HRDsVWSAVY=,0.042063,0.001521
2024-01-10,AAAAAAAAAAAAAAAAAAAAAAAAAEJpdGNvaW5FVEY=,0.005591,0.319696
2024-01-11,AAAAAAAAAAAAAAAAAAAAAAAAAAAAAAAAAABrZWs=,0.00016,3e-06
2024-01-11,AAAAAAAAAAAAAAAAAAAAAAAAAAAAAAAAAAAAJBA=,0.12900000000000009,2.297881
2024-01-24,AAAAAAAAAAAAAAAAAAAAAAAAAIZiad33fbxA7Z0=,5.0302869999999995,22.283034
2024-02-05,AAAAAAAAAAAAAAAAAAAAAAAAAAAACLkdk+ILapw=,0.049905999999999992,2.609669
2024-02-03,AAAAAAAAAAAAAAAAAAAAAAAAAAAACAgICAgICAg=,0.42995899999999992,8.524637
2024-01-28,AAAAAAAAAAAAAAAAAAAAAAAAAAAABYTLU4hLOUU=,0.3504509999999999,18.380455
2023-12-26,AAAAAAAAAAAAAAAAAAAAAAAAAAAACAgICAgICAg=,0.23076800000000008,11.861397
2024-01-25,AAAAAAAAAAAAAAAAAAAAAAAAAAAABYTLU4hLOUU=,0.236803,12.44804
2024-01-08,AAAAAAAAAAAAAAAAAAAAAAAAAAAAAAAAAAAAJBA=,0.043057999999999992,1.888563
2024-01-27,AAAAAAAAAAAAAAAAAAAAAAAAAIZiad33fbxA7Z0=,4.185353,18.408498
2024-02-03,AAAAAAAAAAAAAAAAAAAAAAAAAAAADBuw7+PjGs8=,0.031385,1.645395
2024-01-10,AAAAAAAAAAAAAAAAAAAAAAAAAAAARGlzbmV5VFY=,0.060294,3.529272
2024-01-15,AAAAAAAAAAAAAAAAAAAAAAAAAGFzdHJvZ2x5cGg=,0.068684,4.004917
2023-12-25,AAAAAAAAAAAAAAAAAAAAAAAAAIZiad33fbxA7Z0=,5.1543629999999983,22.275443
2024-01-24,AAAAAAAAAAAAAAAAAAAAAAAAAAAADE4vVvVyRsg=,0.056821000000000031,1.909011
2024-01-27,AAAAAAAAAAAAAAAAAAAAAAAAAAAACAgICAgICAg=,0.2860910000000001,5.305593
2024-01-05,AAAAAAAAAAAAAAAAAAAAAAAAAIZiad33fbxA7Z0=,5.5268010000000016,23.409106
2023-12-13,AAAAAAAAAAAAAAAAAAAAAAAAAABhc3Ryb3N0YXI=,0.15938499999999997,9.296795
2024-01-31,AAAAAAAAAAAAAAAAAAAAAAAAAAAADE4vVvVyRsg=,0.056754000000000034,1.905703
2024-01-12,AAAAAAAAAAAAAAAAAAAAAAAAAIZiad33fbxA7Z0=,4.335143,18.597986
2024-02-04,AAAAAAAAAAAAAAAAAAAAAAAAAAAABqVjuNvNnoE=,0.034159,1.825821
,AAAAAAAAAAAAAAAAAAAAAAAAAAAA3KKkhOlIrfw=,0.08706499999999999,0.003042
2024-01-22,AAAAAAAAAAAAAAAAAAAAAAAAAAAAC07kntyDQ8A=,0.052546999999999976,1.835418
2023-11-14,AAAAAAAAAAAAAAAAAAAAAAAAAAAACOX2eb9xFss=,0.091879999999999976,0.007953
2024-01-29,AAAAAAAAAAAAAAAAAAAAAAAAAAAADNtEcdl1sYY=,0.038914999999999991,2.096395
2024-01-23,AAAAAAAAAAAAAAAAAAAAAAAAAAAABqVjuNvNnoE=,0.034116000000000007,1.824386
2024-02-02,AAAAAAAAAAAAAAAAAAAAAAAAAAAABqVjuNvNnoE=,0.036714000000000011,1.958447
2024-01-25,AAAAAAAAAAAAAAAAAAAAAAAAAMFSQhPMNHvYhkk=,0.008799,0.00101
2023-12-27,AAAAAAAAAAAAAAAAAAAAAAAAAAAAAAAAAAAAJBA=,0.022011,0.972669
2023-12-27,AAAAAAAAAAAAAAAAAAAAAAAAAAAACAgICAgICAg=,0.20091200000000004,10.313822
2023-12-28,AAAAAAAAAAAAAAAAAAAAAAAAAAAAAAAAAAAAJBA=,0.39850399999999986,18.804984
2024-01-18,AAAAAAAAAAAAAAAAAAAAAAAAAAAABqVjuNvNnoE=,0.056766000000000011,1.886939
2024-02-04,AAAAAAAAAAAAAAAAAAAAAAAAAAAABYTLU4hLOUU=,0.19212299999999996,9.861567
2024-01-04,AAAAAAAAAAAAAAAAAAAAAAAAAAAACAgICAgICAg=,0.21844399999999997,11.539153
2024-02-07,AAAAAAAAAAAAAAAAAAAAAAAAAAAACLkdk+ILapw=,0.062472999999999987,3.303702
2024-01-23,AAAAAAAAAAAAAAAAAAAAAAAAAIZiad33fbxA7Z0=,4.997822,22.113568
2024-01-27,AAAAAAAAAAAAAAAAAAAAAAAAAAAAC07kntyDQ8A=,0.03375899999999999,1.509493
2024-02-05,AAAAAAAAAAAAAAAAAAAAAAAAAIZiad33fbxA7Z0=,2.448806,10.263231
2024-02-02,AAAAAAAAAAAAAAAAAAAAAAAAAAAACLkdk+ILapw=,0.049564999999999977,2.597955
2024-01-05,AAAAAAAAAAAAAAAAAAAAAAAAAAAAAAAAAEpvc2g=,0.099061999999999983,5.80103
2024-02-06,AAAAAAAAAAAAAAAAAAAAAAAAAAB0Y2VsZXN0aWE=,0.030552,1.623096
2024-01-10,AAAAAAAAAAAAAAAAAAAAAAAAAAAAAAAAAAAAQmk=,0.00016,2e-06
2023-11-27,AAAAAAAAAAAAAAAAAAAAAAAAAEJpDCBNOWAP3dM=,0.00016,6e-06
2023-12-25,AAAAAAAAAAAAAAAAAAAAAAAAAEJpDCBNOWAP3dM=,0.056173000000000084,0.312912
2024-01-19,AAAAAAAAAAAAAAAAAAAAAAAAAAAABYTLU4hLOUU=,0.10881100000000002,4.961233
2024-01-24,AAAAAAAAAAAAAAAAAAAAAAAAAAAAAAAAAAAAJBA=,0.22500000000000014,1.966081
2024-01-15,AAAAAAAAAAAAAAAAAAAAAAAAAAAAAAAAAAAAJBA=,0.60900000000000043,5.27874
2023-12-29,AAAAAAAAAAAAAAAAAAAAAAAAAAAAAAAAAAAAJBA=,0.37506100000000003,18.278291
2024-02-01,AAAAAAAAAAAAAAAAAAAAAAAAAAAADE4vVvVyRsg=,0.05763200000000003,1.931591
2024-01-28,AAAAAAAAAAAAAAAAAAAAAAAAAAAABqVjuNvNnoE=,0.034058,1.820029
2023-12-21,AAAAAAAAAAAAAAAAAAAAAAAAAIZiad33fbxA7Z0=,2.0207740000000003,8.209458
2023-12-21,AAAAAAAAAAAAAAAAAAAAAAAAAGFzdHJvZ2x5cGg=,5.0060800000000016,291.522625
2023-12-24,AAAAAAAAAAAAAAAAAAAAAAAAAAAACAgICAgICAg=,0.26097000000000004,13.628485
2024-01-25,AAAAAAAAAAAAAAAAAAAAAAAAAAAACAgICAgICAg=,0.26254199999999994,4.96272
2024-01-23,AAAAAAAAAAAAAAAAAAAAAAAAAAAACAgICAgICAg=,0.289667,5.382471
2024-01-08,AAAAAAAAAAAAAAAAAAAAAAAAAAAACAgICAgICAg=,0.15749800000000003,7.58671
2024-01-26,AAAAAAAAAAAAAAAAAAAAAAAAAAAACLkdk+ILapw=,0.070695000000000022,2.727527
2024-02-05,AAAAAAAAAAAAAAAAAAAAAAAAAAB0Y2VsZXN0aWE=,0.030447000000000002,1.626702
2024-01-16,AAAAAAAAAAAAAAAAAAAAAAAAAAAAC07kntyDQ8A=,0.050126000000000004,1.83222
2023-12-14,AAAAAAAAAAAAAAAAAAAAAAAAAAAAAABhc3Rybyo=,0.023325,1.316317
2023-12-14,AAAAAAAAAAAAAAAAAAAAAAAAAEJpDCBNOWAP3dM=,0.00144,1.8e-05
2024-01-13,AAAAAAAAAAAAAAAAAAAAAAAAAGFzdHJvZ2x5cGg=,0.006148,0.352542
2024-01-06,AAAAAAAAAAAAAAAAAAAAAAAAAAAAAAAAAAAAQmk=,0.01,2e-06